<manifest alg="2" build="2017.0.0.363" opt="false" iceEnabled="true" iceMarkupVersion="2" iceEnabledOptions="link,responsive,cachebuster" ftp_hostname="ftp://www.expeditionasia.com.pk" ftp_rootfolder="/public_html" exportTarget="FTP" domain="www.expeditionasia.com.pk" resolutions="1x" timestamp="1520133554827">
  <folder name="css">
    <file name="site_global.css" crc="431106935"/>
    <file name="master_a-master.css" crc="4100980602" ref="wildlife:index:expeditions:cultural-tourism:itineraries:news---updates:services:about-us:contact-us:gallery"/>
    <file name="nomq_preview_master_a-master.css" crc="3876017362" ref="wildlife:index:expeditions:cultural-tourism:itineraries:news---updates:services:about-us:contact-us:gallery"/>
    <file name="wildlife.css" crc="4134101701" ref="wildlife"/>
    <file name="nomq_wildlife.css" crc="79394733" ref="wildlife"/>
    <file name="index.css" crc="3843572585" ref="index"/>
    <file name="nomq_index.css" crc="4230137312" ref="index"/>
    <file name="expeditions.css" crc="273467015" ref="expeditions"/>
    <file name="nomq_expeditions.css" crc="371418209" ref="expeditions"/>
    <file name="cultural-tourism.css" crc="82193502" ref="cultural-tourism"/>
    <file name="nomq_cultural-tourism.css" crc="517545436" ref="cultural-tourism"/>
    <file name="itineraries.css" crc="3834307893" ref="itineraries"/>
    <file name="nomq_itineraries.css" crc="3080940" ref="itineraries"/>
    <file name="news---updates.css" crc="4267643495" ref="news---updates"/>
    <file name="nomq_news---updates.css" crc="535982831" ref="news---updates"/>
    <file name="services.css" crc="299878797" ref="services"/>
    <file name="nomq_services.css" crc="174367476" ref="services"/>
    <file name="about-us.css" crc="261335424" ref="about-us"/>
    <file name="nomq_about-us.css" crc="3869290186" ref="about-us"/>
    <file name="contact-us.css" crc="131402853" ref="contact-us"/>
    <file name="nomq_contact-us.css" crc="112807440" ref="contact-us"/>
    <file name="gallery.css" crc="3795260437" ref="gallery"/>
    <file name="nomq_gallery.css" crc="48983267" ref="gallery"/>
  </folder>
  <folder name="scripts">
    <file name="jquery-1.8.3.min.js" crc="209076791" ref="index:contact-us:gallery:itineraries:about-us:news---updates:services:expeditions:wildlife:cultural-tourism"/>
    <file name="museutils.js" crc="163421577" ref="index:contact-us:gallery:itineraries:about-us:news---updates:services:expeditions:wildlife:cultural-tourism"/>
    <file name="whatinput.js" crc="86476730" ref="index:contact-us:gallery:itineraries:about-us:news---updates:services:expeditions:wildlife:cultural-tourism"/>
    <file name="museconfig.js" crc="168988563" ref="index:contact-us:gallery:itineraries:about-us:news---updates:services:expeditions:wildlife:cultural-tourism"/>
    <file name="jquery.musemenu.js" crc="146495465" ref="index:contact-us:gallery:itineraries:about-us:news---updates:services:expeditions:wildlife:cultural-tourism"/>
    <file name="jquery.watch.js" crc="104486786" ref="index:contact-us:gallery:itineraries:about-us:news---updates:services:expeditions:wildlife:cultural-tourism"/>
    <file name="webpro.js" crc="3848665353" ref="index:contact-us:gallery:itineraries:about-us:news---updates:services:expeditions:wildlife:cultural-tourism"/>
    <file name="musewpslideshow.js" crc="4041717617" ref="index:gallery:news---updates"/>
    <file name="jquery.museoverlay.js" crc="36492500" ref="index:gallery:news---updates"/>
    <file name="touchswipe.js" crc="404375771" ref="index:gallery:news---updates"/>
    <file name="musewpdisclosure.js" crc="4275188064" ref="index:contact-us:gallery:itineraries:about-us:news---updates:services:expeditions:wildlife:cultural-tourism"/>
    <file name="jquery.musepolyfill.bgsize.js" crc="379354253" ref="index:news---updates:services"/>
    <file name="html5shiv.js" crc="4241844378" ref="index:contact-us:gallery:itineraries:about-us:news---updates:services:expeditions:wildlife:cultural-tourism"/>
    <file name="jquery.museresponsive.js" crc="4146931122" ref="index:contact-us:gallery:itineraries:about-us:news---updates:services:expeditions:wildlife:cultural-tourism"/>
    <file name="require.js" crc="244322403" ref="index:contact-us:gallery:itineraries:about-us:news---updates:services:expeditions:wildlife:cultural-tourism"/>
    <file name="form_check.php" crc="158155501" ref="contact-us"/>
    <file name="form_throttle.php" crc="3992970984" ref="contact-us"/>
    <file name="form_process.php" crc="4078697226" ref="contact-us"/>
    <file name="form-u9821.php" crc="271242669" ref="contact-us"/>
  </folder>
  <folder name="images">
    <file name="favicon.ico" crc="366637113" ref="index"/>
    <file name="line-color.png" crc="468016231" seo="true" ref="index:contact-us:gallery:itineraries:about-us:news---updates:services:expeditions:wildlife:cultural-tourism"/>
    <file name="logo-top.png" crc="492431676" seo="true" ref="index:contact-us:gallery:itineraries:about-us:news---updates:services:expeditions:wildlife:cultural-tourism"/>
    <file name="gradient-line.jpg" crc="3874157281" ref="index"/>
    <file name="001.jpg" crc="327418361" seo="true" ref="index"/>
    <file name="blank.gif" crc="4208392903" ref="index:contact-us:gallery:itineraries:about-us:news---updates:services:expeditions:wildlife:cultural-tourism"/>
    <file name="002.jpg" crc="4047040694" seo="true" ref="index"/>
    <file name="loading.gif" crc="3815509949" ref="index:gallery"/>
    <file name="line-slanted.png" crc="4254669561" seo="true" ref="index:contact-us:gallery:itineraries:about-us:news---updates:services:expeditions:wildlife:cultural-tourism"/>
    <file name="02-gallery.jpg" crc="3764127688" seo="true" ref="index"/>
    <file name="03-gallery.jpg" crc="3895680333" seo="true" ref="index"/>
    <file name="04-gallery.jpg" crc="39117250" seo="true" ref="index"/>
    <file name="itn-01.jpg" crc="49536206" seo="true" ref="index"/>
    <file name="itn-02.jpg" crc="4004404239" seo="true" ref="index"/>
    <file name="itn-03.jpg" crc="3852915435" seo="true" ref="index"/>
    <file name="feature-pics-cause.jpg" crc="4111786996" seo="true" ref="index"/>
    <file name="feature-pics-volunteer.jpg" crc="4005662493" seo="true" ref="index"/>
    <file name="feature-pics-responsible.png" crc="383363113" seo="true" ref="index"/>
    <file name="world-travel-market.jpg" crc="3777110708" seo="true" ref="index"/>
    <file name="itb_exhibitor_guide.jpg" crc="4275600118" seo="true" ref="index"/>
    <file name="whts.jpg" crc="4058455712" seo="true" ref="index"/>
    <file name="orom_color_logo.jpg" crc="4209379905" seo="true" ref="index"/>
    <file name="bannergif.gif" crc="4103651488" seo="true" ref="index"/>
    <file name="footer-image.png" crc="414698217" seo="true" ref="index:contact-us:gallery:itineraries:about-us:news---updates:services:expeditions:wildlife:cultural-tourism"/>
    <file name="logo-travelasia.png" crc="3765039154" seo="true" ref="index:contact-us:gallery:itineraries:about-us:news---updates:services:expeditions:wildlife:cultural-tourism"/>
    <file name="icon-map.png" crc="3802797517" seo="true" ref="index:contact-us:gallery:itineraries:about-us:news---updates:services:expeditions:wildlife:cultural-tourism"/>
    <file name="icon-fb.png" crc="4096977835" seo="true" ref="index:contact-us:gallery:itineraries:about-us:news---updates:services:expeditions:wildlife:cultural-tourism"/>
    <file name="icon-wa.png" crc="4200369085" seo="true" ref="index:contact-us:gallery:itineraries:about-us:news---updates:services:expeditions:wildlife:cultural-tourism"/>
    <file name="icon-sp.png" crc="3820624304" seo="true" ref="index:contact-us:gallery:itineraries:about-us:news---updates:services:expeditions:wildlife:cultural-tourism"/>
    <file name="icon-ig.png" crc="23923175" seo="true" ref="index:contact-us:gallery:itineraries:about-us:news---updates:services:expeditions:wildlife:cultural-tourism"/>
    <file name="icon-tw.png" crc="3817366567" seo="true" ref="index:contact-us:gallery:itineraries:about-us:news---updates:services:expeditions:wildlife:cultural-tourism"/>
    <file name="line-color-crop-u8875.png" crc="91918435" ref="index:contact-us:gallery:itineraries:about-us:news---updates:services:expeditions:wildlife:cultural-tourism"/>
    <file name="mobile_icon.svg" crc="4228300305" ref="index"/>
    <file name="mobile_icon_poster_u30422.png" crc="175467225" ref="index"/>
    <file name="x_mobile_icon.svg" crc="4017625805" ref="index"/>
    <file name="x_mobile_icon_poster_u30430.png" crc="156590699" ref="index"/>
    <file name="bannergif-crop-u21725.jpg" crc="4161034369" ref="index"/>
    <file name="bannergif-crop-u217252.jpg" crc="3884555027" ref="index"/>
    <file name="footer-image-crop-u8886.png" crc="4058649516" ref="index:contact-us:gallery:itineraries:about-us:news---updates:services:expeditions:wildlife:cultural-tourism"/>
    <file name="gallery-01.jpg" crc="145968062" seo="true" ref="gallery"/>
    <file name="gallery-02.jpg" crc="202354109" seo="true" ref="gallery"/>
    <file name="gallery-03.jpg" crc="4090928135" seo="true" ref="gallery"/>
    <file name="gallery-04.jpg" crc="20552964" seo="true" ref="gallery"/>
    <file name="gallery-05.jpg" crc="399234929" seo="true" ref="gallery"/>
    <file name="gallery-06.jpg" crc="235399720" seo="true" ref="gallery"/>
    <file name="gallery-07.jpg" crc="4028668234" seo="true" ref="gallery"/>
    <file name="gallery-08.jpg" crc="257008826" seo="true" ref="gallery"/>
    <file name="gallery-09.jpg" crc="252864571" seo="true" ref="gallery"/>
    <file name="gallery-10.jpg" crc="3843979461" seo="true" ref="gallery"/>
    <file name="gallery-11.jpg" crc="3790090403" seo="true" ref="gallery"/>
    <file name="gallery-12.jpg" crc="169731574" seo="true" ref="gallery"/>
    <file name="gallery-13.jpg" crc="179943624" seo="true" ref="gallery"/>
    <file name="gallery-14.jpg" crc="3890885100" seo="true" ref="gallery"/>
    <file name="gallery-15.jpg" crc="245628202" seo="true" ref="gallery"/>
    <file name="gallery-16.jpg" crc="4172950896" seo="true" ref="gallery"/>
    <file name="gallery-17.jpg" crc="115152236" seo="true" ref="gallery"/>
    <file name="gallery-18.jpg" crc="4154934384" seo="true" ref="gallery"/>
    <file name="gallery-19.jpg" crc="4224266208" seo="true" ref="gallery"/>
    <file name="gallery-20.jpg" crc="4274431735" seo="true" ref="gallery"/>
    <file name="gallery-21.jpg" crc="371754878" seo="true" ref="gallery"/>
    <file name="gallery-22.jpg" crc="4291559910" seo="true" ref="gallery"/>
    <file name="gallery-23.jpg" crc="3792390115" seo="true" ref="gallery"/>
    <file name="gallery-24.jpg" crc="3911401695" seo="true" ref="gallery"/>
    <file name="gallery-0160x45.jpg" crc="3857129503" seo="true" ref="gallery"/>
    <file name="gallery-0260x45.jpg" crc="374279111" seo="true" ref="gallery"/>
    <file name="gallery-0360x45.jpg" crc="4088870916" seo="true" ref="gallery"/>
    <file name="gallery-0460x45.jpg" crc="511676631" seo="true" ref="gallery"/>
    <file name="gallery-0560x45.jpg" crc="3914463181" seo="true" ref="gallery"/>
    <file name="gallery-0660x45.jpg" crc="4214420220" seo="true" ref="gallery"/>
    <file name="gallery-0760x45.jpg" crc="3775834953" seo="true" ref="gallery"/>
    <file name="gallery-0860x45.jpg" crc="248853998" seo="true" ref="gallery"/>
    <file name="gallery-0960x45.jpg" crc="231023049" seo="true" ref="gallery"/>
    <file name="gallery-1060x45.jpg" crc="4016687898" seo="true" ref="gallery"/>
    <file name="gallery-1160x45.jpg" crc="279409160" seo="true" ref="gallery"/>
    <file name="gallery-1260x45.jpg" crc="3970128664" seo="true" ref="gallery"/>
    <file name="gallery-1360x45.jpg" crc="387622862" seo="true" ref="gallery"/>
    <file name="gallery-1460x45.jpg" crc="171539963" seo="true" ref="gallery"/>
    <file name="gallery-1560x45.jpg" crc="4161782658" seo="true" ref="gallery"/>
    <file name="gallery-1660x45.jpg" crc="261637998" seo="true" ref="gallery"/>
    <file name="gallery-1760x45.jpg" crc="350388078" seo="true" ref="gallery"/>
    <file name="gallery-1860x45.jpg" crc="4029241006" seo="true" ref="gallery"/>
    <file name="gallery-1960x45.jpg" crc="3846363160" seo="true" ref="gallery"/>
    <file name="gallery-2060x45.jpg" crc="426082482" seo="true" ref="gallery"/>
    <file name="gallery-2160x45.jpg" crc="3798858521" seo="true" ref="gallery"/>
    <file name="gallery-2260x45.jpg" crc="103007747" seo="true" ref="gallery"/>
    <file name="gallery-2360x45.jpg" crc="3827106815" seo="true" ref="gallery"/>
    <file name="gallery-2460x45.jpg" crc="3945875839" seo="true" ref="gallery"/>
    <file name="gallery-01-crop-u10075.jpg" crc="3886522487" ref="gallery"/>
    <file name="gallery-02-crop-u10041.jpg" crc="4054485460" ref="gallery"/>
    <file name="gallery-03-crop-u10071.jpg" crc="3764326442" ref="gallery"/>
    <file name="gallery-04-crop-u10045.jpg" crc="247923283" ref="gallery"/>
    <file name="gallery-05-crop-u10079.jpg" crc="222381526" ref="gallery"/>
    <file name="gallery-06-crop-u10061.jpg" crc="3886401721" ref="gallery"/>
    <file name="gallery-07-crop-u10055.jpg" crc="279539916" ref="gallery"/>
    <file name="gallery-08-crop-u10073.jpg" crc="462450019" ref="gallery"/>
    <file name="gallery-09-crop-u10059.jpg" crc="156832694" ref="gallery"/>
    <file name="gallery-10-crop-u10081.jpg" crc="389716924" ref="gallery"/>
    <file name="gallery-11-crop-u10047.jpg" crc="4071268597" ref="gallery"/>
    <file name="gallery-12-crop-u10077.jpg" crc="55788752" ref="gallery"/>
    <file name="gallery-13-crop-u10067.jpg" crc="198070106" ref="gallery"/>
    <file name="gallery-14-crop-u10043.jpg" crc="3868824147" ref="gallery"/>
    <file name="gallery-15-crop-u10083.jpg" crc="304331749" ref="gallery"/>
    <file name="gallery-16-crop-u10049.jpg" crc="225938100" ref="gallery"/>
    <file name="gallery-17-crop-u10063.jpg" crc="3803219653" ref="gallery"/>
    <file name="gallery-18-crop-u10085.jpg" crc="3782003359" ref="gallery"/>
    <file name="gallery-19-crop-u10065.jpg" crc="217518254" ref="gallery"/>
    <file name="gallery-20-crop-u10051.jpg" crc="4284206767" ref="gallery"/>
    <file name="gallery-21-crop-u10053.jpg" crc="253156334" ref="gallery"/>
    <file name="gallery-22-crop-u10069.jpg" crc="4087233935" ref="gallery"/>
    <file name="gallery-23-crop-u10057.jpg" crc="3920490645" ref="gallery"/>
    <file name="gallery-24-crop-u10087.jpg" crc="3774713850" ref="gallery"/>
    <file name="itinerary.jpg" crc="4279497469" ref="itineraries:expeditions:wildlife"/>
    <file name="aboutus.jpg" crc="391320717" ref="about-us"/>
    <file name="cleanup-u18413-fr.jpg" crc="401797743" ref="news---updates"/>
    <file name="ds-u18409-fr.jpg" crc="3950029598" ref="news---updates"/>
    <file name="hs-u18411-fr.jpg" crc="54605915" ref="news---updates"/>
    <file name="ac-gb-u18847-fr.jpg" crc="19044038" ref="news---updates"/>
    <file name="15409889_947698485360466_934703963_o-u30232-fr.jpg" crc="244144862" ref="news---updates"/>
    <file name="cleanup.jpg" crc="4024446208" seo="true" ref="news---updates"/>
    <file name="ds-crop-u18429.jpg" crc="4190526765" ref="news---updates"/>
    <file name="hs.jpg" crc="7826937" seo="true" ref="news---updates"/>
    <file name="ac-gb.jpg" crc="4248235445" ref="news---updates"/>
    <file name="15409889_947698485360466_934703963_o.jpg" crc="349907963" ref="news---updates"/>
    <file name="cleanup-crop-u18421.jpg" crc="4091134096" ref="news---updates"/>
    <file name="ds486x278.jpg" crc="3934669977" seo="true" ref="news---updates"/>
    <file name="hs482x275.jpg" crc="7826937" seo="true" ref="news---updates"/>
    <file name="ac-gb-u18912-fr.jpg" crc="4251648861" ref="news---updates"/>
    <file name="15409889_947698485360466_934703963_o-u30260-fr.jpg" crc="3987136265" ref="news---updates"/>
    <file name="15409889_947698485360466_934703963_o-u30232-fr2.jpg" crc="4015267957" ref="news---updates"/>
    <file name="cleanup-crop-u184212.jpg" crc="344436721" ref="news---updates"/>
    <file name="ds354x202.jpg" crc="3934669977" seo="true" ref="news---updates"/>
    <file name="hs350x200.jpg" crc="4003065287" seo="true" ref="news---updates"/>
    <file name="ac-gb-u18912-fr2.jpg" crc="492887209" ref="news---updates"/>
    <file name="15409889_947698485360466_934703963_o-u30260-fr2.jpg" crc="512086228" ref="news---updates"/>
    <file name="15409889_947698485360466_934703963_o-u30232-fr3.jpg" crc="4202963790" ref="news---updates"/>
    <file name="cleanup-crop-u184213.jpg" crc="470837010" ref="news---updates"/>
    <file name="ds248x142.jpg" crc="4166998919" seo="true" ref="news---updates"/>
    <file name="hs245x140.jpg" crc="216210743" seo="true" ref="news---updates"/>
    <file name="ac-gb-u18912-fr3.jpg" crc="137969516" ref="news---updates"/>
    <file name="15409889_947698485360466_934703963_o-u30260-fr3.jpg" crc="42810140" ref="news---updates"/>
    <file name="services.jpg" crc="3847820039" ref="services"/>
    <file name="cultural-tourism-khaplufort.jpg" crc="4040875297" seo="true" ref="cultural-tourism"/>
    <file name="cultural-tourism-shigar.jpg" crc="248904699" seo="true" ref="cultural-tourism"/>
    <file name="cultural-tourism-kharpocho.jpg" crc="529409124" seo="true" ref="cultural-tourism"/>
    <file name="cultural-tourism-chaqchan.jpg" crc="4216504743" seo="true" ref="cultural-tourism"/>
    <file name="cultural-tourism-manthal.jpg" crc="253618766" seo="true" ref="cultural-tourism"/>
    <file name="cultural-tourism-khaplufort280x187.jpg" crc="4040875297" seo="true" ref="cultural-tourism"/>
    <file name="cultural-tourism-shigar280x187.jpg" crc="248904699" seo="true" ref="cultural-tourism"/>
    <file name="cultural-tourism-kharpocho280x187.jpg" crc="529409124" seo="true" ref="cultural-tourism"/>
    <file name="cultural-tourism-chaqchan280x187.jpg" crc="4216504743" seo="true" ref="cultural-tourism"/>
    <file name="cultural-tourism-manthal280x187.jpg" crc="253618766" seo="true" ref="cultural-tourism"/>
    <file name="cultural-tourism-khaplufort260x174.jpg" crc="4040875297" seo="true" ref="cultural-tourism"/>
    <file name="cultural-tourism-shigar260x174.jpg" crc="248904699" seo="true" ref="cultural-tourism"/>
    <file name="cultural-tourism-kharpocho260x174.jpg" crc="529409124" seo="true" ref="cultural-tourism"/>
    <file name="cultural-tourism-chaqchan260x174.jpg" crc="4216504743" seo="true" ref="cultural-tourism"/>
    <file name="cultural-tourism-manthal260x174.jpg" crc="253618766" seo="true" ref="cultural-tourism"/>
    <file name="002-crop-u31379.jpg" crc="3874416410" ref="index"/>
    <file name="002-crop-u313792.jpg" crc="178276777" ref="index"/>
    <file name="002-crop-u313793.jpg" crc="3784096518" ref="index"/>
  </folder>
  <file name="index.html" crc="204018357" seo="true" mt="1520133421408" redirect="true"/>
  <file name="contact-us.html" crc="4189619015" seo="true" mt="1520131685464" redirect="true"/>
  <file name="gallery.html" crc="94046464" seo="true" mt="1520131685464" redirect="true"/>
  <file name="itineraries.html" crc="4282244527" seo="true" mt="1520131685464" redirect="true"/>
  <file name="about-us.html" crc="527091822" seo="true" mt="1520131685464" redirect="true"/>
  <file name="news---updates.html" crc="4044593915" seo="true" mt="1520131685464" redirect="true"/>
  <file name="services.html" crc="4061251527" seo="true" mt="1520131685464" redirect="true"/>
  <file name="expeditions.html" crc="4251325354" seo="true" mt="1520131685464" redirect="true"/>
  <file name="wildlife.html" crc="211015954" seo="true" mt="1520131685464" redirect="true"/>
  <file name="cultural-tourism.html" crc="529898021" seo="true" mt="1520131685464" redirect="true"/>
  <site/>
  <renditions>
    <rendition device="desktop">
      <page name="Home" filename="index.html" muse_href="page:U93" master="U72">
        <breakpoint uid="U12358" maxwidth="320" minwidth="0" squishy="true"/>
        <breakpoint uid="U12946" maxwidth="450" minwidth="321" squishy="true"/>
        <breakpoint uid="U1872" maxwidth="600" minwidth="451" squishy="true"/>
        <breakpoint uid="U83" maxwidth="1024" minwidth="601" squishy="true"/>
      </page>
      <masterPage name="A-Master" master="U62" uid="U72">
        <breakpoint uid="U11233" maxwidth="320" minwidth="0" squishy="true"/>
        <breakpoint uid="U15323" maxwidth="450" minwidth="321" squishy="true"/>
        <breakpoint uid="U1456" maxwidth="600" minwidth="451" squishy="true"/>
        <breakpoint uid="U73" maxwidth="1024" minwidth="601" squishy="true"/>
      </masterPage>
      <masterPage name="None" master="null" uid="U62">
        <breakpoint uid="U63" maxwidth="1024" minwidth="0" squishy="true"/>
      </masterPage>
      <page name="Contact Us" filename="contact-us.html" muse_href="page:U3806" master="U72">
        <breakpoint uid="U12182" maxwidth="320" minwidth="0" squishy="true"/>
        <breakpoint uid="U21564" maxwidth="450" minwidth="321" squishy="true"/>
        <breakpoint uid="U3433" maxwidth="600" minwidth="451" squishy="true"/>
        <breakpoint uid="U3669" maxwidth="1024" minwidth="601" squishy="true"/>
      </page>
      <page name="Gallery " filename="gallery.html" muse_href="page:U4085" master="U72">
        <breakpoint uid="U10735" maxwidth="320" minwidth="0" squishy="true"/>
        <breakpoint uid="U15902" maxwidth="450" minwidth="321" squishy="true"/>
        <breakpoint uid="U8674" maxwidth="600" minwidth="451" squishy="true"/>
        <breakpoint uid="U4075" maxwidth="1024" minwidth="601" squishy="true"/>
      </page>
      <page name="Itineraries" filename="itineraries.html" muse_href="page:U17221" master="U72">
        <breakpoint uid="U17034" maxwidth="320" minwidth="0" squishy="true"/>
        <breakpoint uid="U16482" maxwidth="450" minwidth="321" squishy="true"/>
        <breakpoint uid="U16756" maxwidth="600" minwidth="451" squishy="true"/>
        <breakpoint uid="U16895" maxwidth="1024" minwidth="601" squishy="true"/>
      </page>
      <page name="About Us" filename="about-us.html" muse_href="page:U17887" master="U72">
        <breakpoint uid="U17831" maxwidth="320" minwidth="0" squishy="true"/>
        <breakpoint uid="U17804" maxwidth="450" minwidth="321" squishy="true"/>
        <breakpoint uid="U17859" maxwidth="600" minwidth="451" squishy="true"/>
        <breakpoint uid="U17752" maxwidth="1024" minwidth="601" squishy="true"/>
      </page>
      <page name="News &amp; Updates" filename="news---updates.html" muse_href="page:U18280" master="U72">
        <breakpoint uid="U18248" maxwidth="320" minwidth="0" squishy="true"/>
        <breakpoint uid="U18258" maxwidth="450" minwidth="321" squishy="true"/>
        <breakpoint uid="U18238" maxwidth="600" minwidth="451" squishy="true"/>
        <breakpoint uid="U18269" maxwidth="1024" minwidth="601" squishy="true"/>
      </page>
      <page name="Services" filename="services.html" muse_href="page:U18670" master="U72">
        <breakpoint uid="U18638" maxwidth="320" minwidth="0" squishy="true"/>
        <breakpoint uid="U18648" maxwidth="450" minwidth="321" squishy="true"/>
        <breakpoint uid="U18628" maxwidth="600" minwidth="451" squishy="true"/>
        <breakpoint uid="U18659" maxwidth="1024" minwidth="601" squishy="true"/>
      </page>
      <page name="Expeditions" filename="expeditions.html" muse_href="page:U19095" master="U72">
        <breakpoint uid="U19067" maxwidth="320" minwidth="0" squishy="true"/>
        <breakpoint uid="U19014" maxwidth="450" minwidth="321" squishy="true"/>
        <breakpoint uid="U18987" maxwidth="600" minwidth="451" squishy="true"/>
        <breakpoint uid="U18960" maxwidth="1024" minwidth="601" squishy="true"/>
      </page>
      <page name="Wildlife" filename="wildlife.html" muse_href="page:U22080" master="U72">
        <breakpoint uid="U22045" maxwidth="320" minwidth="0" squishy="true"/>
        <breakpoint uid="U21981" maxwidth="450" minwidth="321" squishy="true"/>
        <breakpoint uid="U21948" maxwidth="600" minwidth="451" squishy="true"/>
        <breakpoint uid="U21915" maxwidth="1024" minwidth="601" squishy="true"/>
      </page>
      <page name="Cultural Tourism" filename="cultural-tourism.html" muse_href="page:U22327" master="U72">
        <breakpoint uid="U22304" maxwidth="320" minwidth="0" squishy="true"/>
        <breakpoint uid="U22314" maxwidth="450" minwidth="321" squishy="true"/>
        <breakpoint uid="U22294" maxwidth="600" minwidth="451" squishy="true"/>
        <breakpoint uid="U22277" maxwidth="1024" minwidth="601" squishy="true"/>
      </page>
    </rendition>
  </renditions>
</manifest>